{"workday:NVIDIA:/job/Taiwan-Taipei/Research-Scientist--Deep-Learning-and-Computer-Vision---New-College-Graduate_JR2018685": 1782183484.7168279, "greenhouse:Appier:7907856": 1782183484.7168279, "greenhouse:Appier:6914984": 1782183484.7168279, "workday:NVIDIA:/job/Taiwan-Taipei/GPU-Firmware-Engineer_JR2014555": 1782183484.7168279, "greenhouse:Appier:7033252": 1782183484.7168279, "workday:Micron:/job/Taichung---AATT-Taiwan/AI-Enabled-Full-Stack-Developer---Experienced_JR103711": 1782183484.7168279, "workday:Micron:/job/Taichung---Fab-16-Taiwan/Data-Scientist_JR86694": 1782183484.7168279, "workday:Micron:/job/Taichung---Fab-16-Taiwan/Sr-Data-Scientist--Innovation-Engineering-Technology_JR100114": 1782183484.7168279, "workday:Micron:/job/Taoyuan---Fab-11-Taiwan/STAFF-DATA-SCIENTIST_JR86537": 1782183484.7168279, "greenhouse:Appier:7744688": 1782183484.7168279, "workday:Micron:/job/Taichung---MTB-Taiwan/HBM-ENGINEERING-TECHNICIAN_JR93740": 1782183484.7168279, "greenhouse:Appier:1501726": 1782183484.7168279, "greenhouse:Appier:1501746": 1782183484.7168279, "greenhouse:Appier:7949831": 1782183484.7168279, "greenhouse:Appier:7364432": 1782183484.7168279, "greenhouse:Appier:6986240": 1782183484.7168279, "greenhouse:Appier:7757000": 1782183484.7168279, "greenhouse:Appier:6987027": 1782183484.7168279, "greenhouse:Appier:6897205": 1782183484.7168279}